,dataset,Unnamed: 0,CARD,cell2location,DeconRNASeq,DestVI,DWLS,SVR,RCTD,SCDC,SPOTlight,STdeconvolve,SpatialDWLS
0,b78ba209152da0bcf71ec2356d867145_Atlas_starmap_overall_rmse,0,0.0476001334446547,0.036194052748451,0.0971214771717697,0.1127853870701762,0.0061530858488775,0.0847062630979375,0.0191245387722687,0.064048759577297,0.2655529274825781,0.2665232923930871,0.3458720095231568
1,b78ba209152da0bcf71ec2356d867145_Meyer_2019_starmap_overall_rmse,0,0.0761126866219263,0.202956770888777,0.032467486712956,0.2105079688520914,0.0040509257032118,0.0064456848262701,0.028725499974321,0.0445027274781599,0.2823883106365764,0.2781427647522932,0.3362692513613298
2,b78ba209152da0bcf71ec2356d867145_Teichmann_Meyer_2019_starmap_overall_rmse,0,0.0900292348474164,0.2529713638633957,0.0558383810861061,0.4189682859434188,0.0123198282407776,0.0171072407088419,0.0550715085351432,0.0893841174083479,0.2726607131549144,0.2692855403509367,0.3142218061037922
3,b78ba209152da0bcf71ec2356d867145_Banovich_Kropski_2020_starmap_overall_rmse,0,0.0585144123786634,0.0527594052485714,0.1191175719526994,0.1226298705412932,0.0319953619421456,0.1133985515857294,0.0226838291299633,0.0716850986881576,0.2696028848965681,0.2640141284471714,0.321070385518625
4,b78ba209152da0bcf71ec2356d867145_Krasnow_2020_starmap_overall_rmse,0,0.1082629150836668,0.1687584889042789,0.1842788897216005,0.1484972494086955,0.0122430289307342,0.1825602058713859,0.045169456418144,0.193177047804372,0.3312559960779202,0.4325562004462852,0.2994596935578338
5,b78ba209152da0bcf71ec2356d867145_Lafyatis_Rojas_2019_starmap_overall_rmse,0,0.0679192994660238,0.1147092529576651,0.0951786222987573,0.3127680649520409,0.0141566269970713,0.077272819761317,0.0213761891473422,0.058891726818648,0.2959248033058581,0.4220241614553128,0.3606649851864315
