,dataset,Unnamed: 0,CARD,cell2location,DeconRNASeq,DestVI,DWLS,SVR,RCTD,SCDC,SPOTlight,STdeconvolve,SpatialDWLS
0,43885de192f6b406821c09b949f8e5ea_mixlevel1_starmap_overall_rmse,0,0.0394791182030699,0.0776718959536766,0.0683319210607127,0.0999189666913803,0.0262536075092992,0.0355511955172295,0.035402635694396,0.0413346516403535,0.1506609173139475,0.2191948094010799,0.0579061186024602
1,43885de192f6b406821c09b949f8e5ea_mixlevel2_starmap_overall_rmse,0,0.0388170919966728,0.070759743878242,0.0715627511774463,0.0962762032765884,0.0261395938244038,0.0370081262488871,0.0356068525793326,0.0413755872127584,0.1547405791344221,0.2661833195012982,0.0504820999345115
2,43885de192f6b406821c09b949f8e5ea_mixlevel0_starmap_overall_rmse,0,0.0400809933813491,0.084845039779894,0.0678251491562575,0.0971766620749394,0.02548973758592,0.0347917167428034,0.0357428356746237,0.0410740470121024,0.1483379687087865,0.2728994816016914,0.0360136830732788
3,43885de192f6b406821c09b949f8e5ea_mixlevel3_starmap_overall_rmse,0,0.0393839681936118,0.0670956322239828,0.0719083380724098,0.0985554862498173,0.0270047769227668,0.0367423592470575,0.0359013529984039,0.0404709960579047,0.1544903191337112,0.224738627389221,0.0309971310366008
